id,headline,date,snippet,url,word_count
5ae2a0ab068401528a2aafaa,"b'Amazon Delivers Dazzling Profits, as Well as $20 Prime Hike and NFL Games'",4/27/18,"b""Amazon.com Inc more than doubled its profit on Thursday and predicted strong spring results as the world's biggest online retailer raised the price for U.S. Prime subscribers, added U.S. football games and touted its cloud services for business.""",https://www.nytimes.com/reuters/2018/04/27/business/27reuters-amazon-com-results.html,815
5aca2e73068401528a2a4dbd,b'Tell Us 5 Things About Your Book: Bringing \xe2\x80\x98Giant\xe2\x80\x99 to the Big Screen',4/8/18,b'Don Graham\xe2\x80\x99s new book tells the story of how the epic starring James Dean and Elizabeth Taylor was made.',https://www.nytimes.com/2018/04/08/books/giant-don-graham-interview.html,984
57ec12fa7c459f227dbadfad,b'Supreme Court Asked to Block $1B NFL Concussion Settlement',9/28/16,b'A second petition has been filed asking the U.S. Supreme Court to reject the $1 billion settlement of NFL concussion lawsuits because of how it treats current brain injuries versus future ones.',https://www.nytimes.com/aponline/2016/09/28/us/ap-us-nfl-concussion-lawsuit.html,0
5ae2a0ab068401528a2aafa9,b'Today in History',4/27/18,b'Today in History',https://www.nytimes.com/aponline/2018/04/27/us/ap-history.html,843
5a347bf77c459f246b63b5d6,b'Panthers Owner Jerry Richardson Is Under Investigation Over Misconduct Accusations',12/16/17,"b'The Carolina Panthers said that Erskine Bowles, a Clinton administration official and a minority owner of the team, would oversee the investigation.'",https://www.nytimes.com/2017/12/15/sports/football/jerry-richardson-carolina-panthers-investigation.html,762
5a2adc3b7c459f246b639af5,b'Kaepernick vs. the N.F.L.: A Primer on His Collusion Case',12/8/17,b'Colin Kaepernick has filed a grievance accusing the league of colluding to keep him out of work because of national anthem protests he inspired.',https://www.nytimes.com/2017/12/08/sports/kaepernick-collusion.html,907
5a7399c910f40f00018bf11f,"b'School Shootings, Super Bowl, the Tide Pod Challenge: Our Favorite Student Comments of the Week'",2/1/18,"b'Our favorite student comments from last week, and an invitation to join the conversation this week.'",https://www.nytimes.com/2018/02/01/learning/school-shootings-super-bowl-tide-pod-challenge-our-favorite-student-comments-of-the-week.html,7791
59e022187c459f246b62e5f8,b'Still Processing: Harvey Weinstein and Our Unreal Reality',10/13/17,"b'We talk about sexual misconduct at the hands of the powerful, and about how our world has outpaced the dystopia of \xe2\x80\x98Blade Runner.\xe2\x80\x99'",https://www.nytimes.com/2017/10/12/podcasts/still-processing-harvey-weinstein-and-our-unreal-reality.html,6421
59cd40fd7c459f246b62b909,b'Still Processing: Take a Knee if You Agree',9/28/17,"b'We talk about the protests that swept the N.F.L. last weekend, and what they mean for Trump and the country at large.'",https://www.nytimes.com/2017/09/28/podcasts/still-processing-take-a-knee-if-you-agree.html,6382
5a04275b7c459f246b633778,b'Rap Disrupted Music First. Now It\xe2\x80\x99s TV and Film.',11/9/17,"b'Questlove, Salamishah Tillet and Jon Caramanica discuss depictions of rap\xe2\x80\x99s old-school days as well as new series and movies with hip-hop embedded into their frameworks.'",https://www.nytimes.com/2017/11/09/arts/music/hip-hop-on-tv-questlove-the-roots-the-mayor.html,2526
54882c8138f0d8602128f0bd,b'F.C.C. Chief Forced to Scale Back Cable Plan',11/27/07,b'Kevin J. Martin\xe2\x80\x99s decision to scale back his agenda to regulate cable television more tightly was a significant though not total victory for the industry. ',https://www.nytimes.com/2007/11/27/business/media/27cnd-cable.html,1271
547bdae838f0d813efccb5ff,b'Cable Industry Wins Compromise on F.C.C. Plans',11/28/07,"b'The F.C.C. chief\xe2\x80\x99s decision to scale back a plan to more tightly regulate cable television was a significant, though not total, victory for the industry. '",https://www.nytimes.com/2007/11/28/business/media/28cable.html,1085
548fa7d238f0d8019c0addc5,b'How Will Selig Sell the Extra Innings Deal to Fans?',3/2/07,b'It will be a challenge for Bud Selig to step out of the muck of bad publicity surrounding the deal to move the Extra Innings package of out-of-market games exclusively to DirecTV.',https://www.nytimes.com/2007/03/02/sports/baseball/02sandomir.html,881
548e1cc738f0d8437a5db7d5,b'Sharpe Is a Showman on the Set and Off',1/23/07,"b'Shannon Sharpe is exuberant on the air, but nothing compared to the animated, impetuous fan he is when not on the set of CBS\xe2\x80\x99s \xe2\x80\x9cThe NFL Today.\xe2\x80\x9d  '",https://www.nytimes.com/2007/01/23/sports/football/23sharpe.html,1204
548acd0938f0d8017fa65c8b,b'Calendar of Events',6/3/07,b'COMEDY.',https://www.nytimes.com/2007/06/03/nyregion/nyregionspecial2/03listingsnj.html,2300
4fd25d0b8eb7c8105d80b2c2,b'CALENDAR',6/3/07,"b'A guide to cultural and recreational goings-on around the state this week. Items may be submitted by mail to On the Towns, Sunday New Jersey Section, The New York Times, 229 West 43rd Street, New York, N.Y. 10036; or by e-mail to njtowns@nytimes.c...'",https://query.nytimes.com/gst/fullpage.html?res=9F0DE0DC1530F930A35755C0A9619C8B63,2136
4fd367688eb7c8105d8b770c,b'Guest Columnist Richard Tisdale',2/2/07,"b""(Richard Tisdale won the reader column contest and will contribute the final guest column. He chose to write about who may be the Super Bowl's most valuable player. But first he answered a few questions from the Fifth Down) Quick Bio: Richard Tisd...""",https://fifthdown.blogs.nytimes.com/2007/02/02/guest-columnist-richard-tisdale/,1294
4fd367328eb7c8105d8b738d,b'Super Bowl Trivia Quiz',2/1/07,"b'Step right up and test your Super Bowl IQ. If you score 75 points or above, claim credit in the Comments section, and explain how it is that you remember this stuff - photographic memory, all-around trivia buff, or unable to form meaningful relati...'",https://fifthdown.blogs.nytimes.com/2007/02/01/super-bowl-trivia-quiz/,642
4fd367698eb7c8105d8b77e2,b'Commercial Success?',2/8/07,"b'In this lesson, students share opinions about the tone and content of two commercials presented during Super Bowl XLI. They then work with a partner to critique a commercial from a past Super Bowl, and then assess the commercials that run during a...'",https://learning.blogs.nytimes.com/2007/02/08/commercial-success/,2363
4fd3668c8eb7c8105d8b6370,b'Sticks and Stones',12/14/06,"b""(Mark St. Amant is the author of Committed: Confessions of a Fantasy Football Junkie and Just Kick It: Tales of an Underdog, Over-Age, Out-of-Place Semi-Pro Football Player.) Over the course of the season, we've pretty much stuck to non-controvers...""",https://fifthdown.blogs.nytimes.com/2006/12/14/sticks-and-stones/,1353
5ae51977068401528a2ab465,"b""Warriors' Stephen Curry Sitting Out Game 1 Against Pelicans""",4/29/18,"b""Stephen Curry's return from a knee injury will wait at least one more game.""",https://www.nytimes.com/aponline/2018/04/28/sports/basketball/ap-bkn-warriors-curry-out.html,333
5a9bbe765d97b300013937c5,"b'Playing Trump on \xe2\x80\x98S.N.L.,\xe2\x80\x99 Baldwin Takes On White House Turmoil'",3/4/18,"b'After a Twitter feud with the real President Trump, Alec Baldwin lampooned him again on \xe2\x80\x9cSaturday Night Live,\xe2\x80\x9d while the host Charles Barkley gave a pointed monologue.'",https://www.nytimes.com/2018/03/04/arts/television/saturday-night-live-baldwin-trump-barkley.html,1189
57ad19087c459f21c9993cb6,"b""Basketball: U.S. 'B Team' Kills Opponents With Kindness""",8/5/16,"b'If living up to the adage, ""if you can\'t say something nice about someone, don\'t say anything at all,"" was an Olympic event the United States men\'s basketball team would be standing atop the Rio Games podium on Thursday.'",https://www.nytimes.com/reuters/2016/08/05/sports/basketball/05reuters-olympics-rio-basketball-men-usa.html,0
57ad12bd7c459f21c9993bb2,"b""Basketball : U.S. 'B Team' Kills Opponents With Kindness""",8/5/16,"b'If living up to the adage, ""if you can\'t say something nice about someone, don\'t say anything at all,"" was an Olympic event the United States men\'s basketball team would be standing atop the Rio Games podium on Thursday.'",https://www.nytimes.com/reuters/2016/08/04/sports/basketball/04reuters-olympics-rio-basketball-men-usa.html,0
5a1568a87c459f246b636ae9,"b'Trump, in Twitter Rant, Revisits Grievances Against Sports Figures'",11/22/17,"b'To some, the posts directed at sports figures, many of them black, suggest that the president is trying to send a message of solidarity to many supporters.'",https://www.nytimes.com/2017/11/22/us/politics/trump-ucla-father-fool.html,1275
59ce254e7c459f246b62bb51,"b'Elon Musk\xe2\x80\x99s New Rocket Plan, Tax Overhaul Pushback: DealBook Briefing'",9/29/17,"b'The SpaceX founder insists that he can ferry cargo into space and fly people anywhere in the world in less than an hour, and make money doing it.'",https://www.nytimes.com/2017/09/29/business/dealbook/elon-musk-spacex-rocket.html,1256
59e022187c459f246b62e5f8,b'Still Processing: Harvey Weinstein and Our Unreal Reality',10/13/17,"b'We talk about sexual misconduct at the hands of the powerful, and about how our world has outpaced the dystopia of \xe2\x80\x98Blade Runner.\xe2\x80\x99'",https://www.nytimes.com/2017/10/12/podcasts/still-processing-harvey-weinstein-and-our-unreal-reality.html,6421
599b21f27c459f246b61f5ec,b'YoungBoy Never Broke Again Brings Back Rap Realism',8/21/17,"b'The 17-year-old Baton Rouge rapper is embracing a out-of-vogue approach, making him different from the melodic sensualists and rowdy eccentrics dominating hip-hop today.'",https://www.nytimes.com/2017/08/21/arts/music/youngboy-never-broke-again-ai-youngboy.html,724
59cd40fd7c459f246b62b909,b'Still Processing: Take a Knee if You Agree',9/28/17,"b'We talk about the protests that swept the N.F.L. last weekend, and what they mean for Trump and the country at large.'",https://www.nytimes.com/2017/09/28/podcasts/still-processing-take-a-knee-if-you-agree.html,6382
59a7d0367c459f246b620fcf,b'Still Processing: The Transformation of Dave Chappelle',8/31/17,b'Wesley Morris and Jenna Wortham discuss the comedian\xe2\x80\x99s latest provocations.',https://www.nytimes.com/2017/08/31/podcasts/still-processing-the-transformation-of-dave-chappelle.html,9598
57ad67e27c459f21c9994710,"b'Summer Reading Contest Winner, Week 6 | On &#8216;N.B.A. to Move All-Star Game From North Carolina&#8217;'",8/9/16,"b'Out of 983 entries, we crown one winner, 15 runners-up and 21 honorable mentions. Remember: you have a chance to submit every week until Aug. 26.'",https://learning.blogs.nytimes.com/2016/08/09/summer-reading-contest-winner-week-6-on-n-b-a-to-move-all-star-game-from-north-carolina/,834
57f32a1c7c459f6063987b30,b'Today in History',10/4/16,b'Today in History',https://www.nytimes.com/aponline/2016/10/04/us/ap-history.html,0
57bd94127c459f21c9996e50,b'Basketball: U.S. Golden Run Set to Continue at Tokyo 2020',8/22/16,"b'Geno Auriemma, coach of the U.S. women\'s Olympic gold medal-winning basketball team, says he is constantly reminded that, ""It\'s not whether you win or lose -- until you lose"".'",https://www.nytimes.com/reuters/2016/08/21/sports/basketball/21reuters-olympics-rio-basketball.html,0
57bd758a7c459f21c99969ca,b'Business Highlights',8/19/16,b'',https://www.nytimes.com/aponline/2016/08/19/business/ap-us-business-highlights.html,0
57af7d2e7c459f21c99957d1,b'Double Dip: Argentina Beats Brazil 111-107 in 2-OT Thriller',8/13/16,"b""Argentina's players locked arms and danced in a circle near mid-court. In the stands, their fans were just warming up.""",https://www.nytimes.com/aponline/2016/08/13/sports/olympics/ap-oly-bko-argentina-brazil.html,0
57bdb0e07c459f21c999722e,b'#SoGoneChallenge Gives Monica and 13-Year-Old Hit a Boost',8/23/16,"b'R&amp;B singer Monica says she\'s happy to see her 13-year-old hit ""So Gone"" trend heavily on social media, spike in sales and streams, and find a new audience with younger kids.'",https://www.nytimes.com/aponline/2016/08/23/arts/ap-us-music-so-gone-challenge.html,0
57bda0837c459f21c9996fd9,"b""Think You Know the Rio Olympics? Here's a Quiz to Find Out""",8/22/16,"b'Michael Phelps was predictably excellent, and Usain Bolt was amazing as expected. Ryan Lochte found himself swimming in hot water, and Brazil won the one gold it had to win.'",https://www.nytimes.com/aponline/2016/08/22/sports/olympics/ap-oly-tim-dahlberg-olympic-quiz.html,0
57c6d5427c459f21c99980b5,b'Beyonce Dominates an Olympic-Sized VMA Awards',8/29/16,"b""Sunday's MTV Video Music Awards show was all about performances that got the sweat dripping, the muscles ripping and the adrenaline pumping. Here are the top moments from Sunday's show:""",https://www.nytimes.com/aponline/2016/08/29/arts/ap-us-mtv-video-music-awards-moments.html,0
57bfbfbe7c459f21c9997a56,b'Today in History',8/26/16,b'Today in History',https://www.nytimes.com/aponline/2016/08/26/us/ap-history.html,0
57e506797c459f227dbacff7,b'The Latest: Westbrook Says Fatal Tulsa Shooting Hits Home',9/23/16,"b""The Latest on an Oklahoma police officer's fatal shooting of an unarmed black man (all times local):""",https://www.nytimes.com/aponline/2016/09/23/us/ap-us-killings-by-police-tulsa-the-latest.html,0
57bd5a317c459f21c99965ac,"b""As Expected, US Men's Basketball Finds Spain on Road to Gold""",8/18/16,"b""The U.S. men's basketball team expected this.""",https://www.nytimes.com/aponline/2016/08/18/sports/olympics/ap-oly-bko-spain-us-rematch.html,0
57bd812a7c459f21c9996b96,"b""Golden Opportunity: US Men's Basketball Goes for 3 in a Row""",8/20/16,"b'No gold, no glory.'",https://www.nytimes.com/aponline/2016/08/20/sports/olympics/ap-oly-bko-us-golden-opportunity.html,0
57b0c1547c459f21c9995956,"b""US Men's Basketball Edges France 100-97; Thompson Scores 30""",8/14/16,"b""Three wins from gold, and still no reason to think it will be easy for the U.S. men's basketball team.""",https://www.nytimes.com/aponline/2016/08/14/sports/olympics/ap-oly-bko-us-france.html,0
57ad670b7c459f21c99946f0,b'Correction: Schools-Absent Students Story',8/9/16,"b'In a story about students habitually missing school, The Associated Press, using data provided by the U.S. Department of Education, reported erroneously that Florida had the lowest rate of chronic absenteeism. The Education Department says that af...'",https://www.nytimes.com/aponline/2016/08/09/us/politics/ap-us-schools-absent-students.html,0
5724fe5b38f0d83e2a51503b,"b'Ed Davender, Former Kentucky Basketball Stalwart, Dies at 49'",5/1/16,"b'Davender ranked 11th in Kentucky scoring with 1,637 points and eighth with 436 assists while playing with the Wildcats from 1984-88.'",https://www.nytimes.com/2016/05/01/sports/ncaabasketball/ed-davender-former-kentucky-basketball-stalwart-dies-at-49.html,312
5757d64a38f0d8514b3cee64,b'Correction: Schools-Absent Students Story',6/8/16,"b'In a story about students habitually missing school, The Associated Press, using data provided by the U.S. Department of Education, reported erroneously that Florida had the lowest rate of chronic absenteeism. The Education Department says that af...'",https://www.nytimes.com/aponline/2016/06/08/us/politics/ap-us-schools-absent-students.html,0
56808d8a38f0d86cf39b17b5,b'N.B.A. Game of the Week: Rockets at Spurs ',12/28/15,"b'Houston has beaten two of the best teams in the league recently, including San Antonio, as the Rockets look to show they are playoff contenders.'",https://www.nytimes.com/2015/12/28/sports/basketball/rockets-at-spurs-nba-game-of-the-week.html,773
53c6da9938f0d858f3e378e8,"b'Paid Notice: Deaths  MILLER, EDWIN B.'",4/13/14,"b'MILLER--Edwin B.,(""Big Ed"" or ""Eddie"" to many), passed away on Wednesday, April 9, 2014 at the age of 82 at his home in Boca Raton, Florida. Ed was born on June 18, 1931 to Herman and Ruth Miller, and was raised in New Rochelle, NY with his sister...'",https://query.nytimes.com/gst/fullpage.html?res=9D07E6D6133AF930A25757C0A9629D8B63,122
53c6daa638f0d858f3e37924,"b'Paid Notice: Deaths  MILLER, EDWIN B.'",4/13/14,"b'<!-- EDWIN B MILLER -->MILLER--Edwin B., (""Big Ed"" or ""Eddie"" to many), passed away on Wednesday, April 9, 2014 at the age of 82 at his home in Boca Raton, Florida. Ed was born on June 18, 1931 to Herman and Ruth Miller, and was raised in New Roch...'",https://www.legacy.com/Link.asp?I=LS000170629980,123
55a632ec38f0d8361af04830,b'New York Today: Give Me a Sign',7/15/15,"b'Wednesday: Many love to hate the New York City Subway, but to an appreciative eye, there\xe2\x80\x99s more to love.'",https://cityroom.blogs.nytimes.com/2015/07/15/new-york-today-give-me-a-sign/,909
5360542038f0d87ca6ee2fb4,b'An Alarm Over the Incursion of Foreign Words ',4/29/14,"b'While a language\xe2\x80\x99s absorption of foreign words is often seen as a positive mark of a society\xe2\x80\x99s cosmopolitanism, the reaction in China has been anything but positive \xe2\x80\x93 at least according to state media.'",https://sinosphere.blogs.nytimes.com/2014/04/29/an-alarm-over-the-incursion-of-foreign-words/,1136
534f5fd538f0d80cb3cb9c6d,b'What\xe2\x80\x99s On Thursday',4/17/14,b'Television highlights.',https://www.nytimes.com/2014/04/17/arts/television/whats-on-thursday.html,686
533a21cb38f0d844a7d526f8,"b'An 8th Grader, a Gun and a Bus Rider in the Way'",4/1/14,"b'The death of an innocent bystander has left the city wondering how what the police said was a petty turf war between \xe2\x80\x9ccrews\xe2\x80\x9d of children could breed such random, deadly violence.'",https://www.nytimes.com/2014/04/01/nyregion/an-8th-grader-a-gun-and-a-bus-rider-in-the-way.html,1572
51b894577e0d9c0839d27765,"b""'Kinky Boots' and 'Vanya' Take Top Tonys""",6/9/13,"b'Dave Itzkoff and Charles Isherwood live blogged the 67th annual Tony Awards. Live commentary, ballot updates, photos from the show and the red carpet can be found here.'",https://artsbeat.blogs.nytimes.com/2013/06/09/tony-awards-2013-live-blog/,5293
50c3a99500315214fbb7e666,b'30 Seconds With Kenny Smith',12/8/12,"b'Kenny Smith, a Queens native, was drafted by the Sacramento Kings in 1987 with the sixth pick over all and played 10 years in the N.B.A.'",https://offthedribble.blogs.nytimes.com/2012/12/08/30-seconds-with-kenny-smith/,1040
514c64b5fdc5926e77001ab4,"b'Highlights and Analysis: N.C.A.A. Tournament, Round of 64, Day 2'",3/22/13,b'Times editors and reporters supply updates from every game on the second full day of the men\xe2\x80\x99s N.C.A.A. tournament.',https://thequad.blogs.nytimes.com/2013/03/22/n-c-a-a-tournament-live-analysis-and-updates/,10137
50d9c28e00315214fbb81217,b'Pick Your All-Time New York City N.B.A. Team',12/24/12,"b'New York City high schools have produced at least 211 N.B.A. and A.B.A. players, including 12 Hall of Famers. Choose and share a team of your own.'",https://www.nytimes.com/interactive/2012/12/24/sports/basketball/pick-your-all-time-new-york-city-nba-team.html,1943
53fa901438f0d8431914d953,b'Fashion\xe2\x80\x99s Night Out and About',9/6/12,"b'In New York, more than 700 stores will stay open late for Fashion\xe2\x80\x99s Night Out. A selective sampling.'",https://www.nytimes.com/2012/09/06/fashion/fashions-night-out-a-selective-guide.html,1028
4fd3a4488eb7c8105d8eeadc,"b'M.L.S. Salaries: A Bigger Pot, but Still Half Full'",5/26/12,"b""When the Major League Soccer Players Union releases salary information, as it did on Friday, it's a dose of reality for all parties. But the numbers are getting better.""",https://goal.blogs.nytimes.com/2012/05/26/m-l-s-salaries-a-bigger-pot-but-its-still-half-full/,681
54f3784338f0d84018916a75,b'Open Letter From N.B.A. Coaches Association Chief',11/20/11,"b'The executive director of the N.B.A. Coaches Association, Michael H. Goldberg, calls on the league and the players union to return to contract talks.'",https://offthedribble.blogs.nytimes.com/2011/11/20/open-letter-from-n-b-a-coaches-association-chief/,718
4fd152928eb7c8105d634ed3,b'Lakers Toppled By Cavs',11/6/85,"b'Edgar Jones, a Cleveland reserve, scored 24 points in leading the Cavaliers to a 129-111 victory over the Los Angeles Lakers tonight.   After taking a 37-30 lead in the first quarter, the Cavaliers hit their first 13 shots from the field in the se...'",https://www.nytimes.com/1985/11/06/sports/nba-lakers-toppled-by-cavs.html,502
4fd165cd8eb7c8105d653148,b'Transactions',12/31/86,"b'BASEBALL SAN DIEGO (NL) - Named Doug Duennes director of stadium operations.   TEXAS (AL) - Signed Steve Buechele, infielder, to one-year contract. BASKETBALL   CLEVELAND (NBA) - Traded the rights to World B. Free, guard, to Philadelphia for a sec...'",https://www.nytimes.com/1986/12/31/sports/transactions-426586.html,179
4fd1646d8eb7c8105d650ca7,"b'NETS ARE ROUTED BY PACERS, 119-92'",10/27/85,"b""Vern Fleming scored 25 points and Clark Kellogg added 24 tonight as the Pacers trounced the Nets, 119-92, in Indiana's season-opener.   New Jersey, falling to 1-1, was led by Otis Birdsong, who had 15 points. Darryl Dawkins had 14 and Buck William...""",https://www.nytimes.com/1985/10/27/sports/nets-are-routed-by-pacers-119-92.html,809
4fd155998eb7c8105d6399a2,b'SPORTS TODAY',7/22/86,"b'  BASEBALL YANKEES VS. TEXAS RANGERS, at Yankee Stadium, 7:30 P.M. (Television -Channel 11, 7:30 P.M., Radio - WABC, 770, 7:30 P.M.) METS VS.'",https://www.nytimes.com/1986/07/22/sports/sports-today.html,118
4fd160348eb7c8105d6495b1,b'BUCKS CAPTURE NINTH IN ROW',1/4/85,"b'Paul Pressey, Craig Hodges and Kenny Fields combined for 17-of-19 shooting from the floor in the first half and Milwaukee coasted to an easy 111-87 victory over the Los Angeles Clippers tonight.    Milwaukee (23-11) has won nine straight games. Th...'",https://www.nytimes.com/1985/01/04/sports/nba-bucks-capture-ninth-in-row.html,557
4fd144498eb7c8105d61e05f,b'N.B.A. ; NO. 1 FOR CAVALIERS',11/16/84,"b'World B. Free scored 18 points and Phil Hubbard grabbed 17 rebounds tonight to spark Cleveland to its first victory of the season, a 102-99 decision over the Atlanta Hawks. The Cavaliers had lost their first nine games under their new coach, Georg...'",https://www.nytimes.com/1984/11/16/sports/nba-no-1-for-cavaliers.html,315
4fd155528eb7c8105d638d60,"b""ROCKETS GO 8-0; JORDAN'S 45 LIFT BULLS""",11/14/84,"b""Lewis Lloyd scored 20 points to help Houston remain the league's only unbeaten team and keep Cleveland the only one without a victory tonight as the Rockets beat the Cavaliers, 106-98.   Akeem Olajuwon had 19 points and Ralph Sampson 17 for the Ro...""",https://www.nytimes.com/1984/11/14/sports/nba-rockets-go-8-0-jordan-s-45-lift-bulls.html,654
4fd145cb8eb7c8105d6209a7,b'Transactions',8/8/84,"b'Bobby Brown, president of the American League, suspended Reggie Jackson for two days for his part in a bench-clearing fight on July 21 in Anaheim, Calif.  CINCINNATI (NL) - Placed Duane Walker, outfielder, on 15-day disabled list and activated Edd...'",https://www.nytimes.com/1984/08/08/sports/transactions-119244.html,311
4fd146948eb7c8105d621fff,b'Transactions',10/1/83,"b'BASEBALL    CHICAGO (NL) - Acquired Mike Chris, pitcher, from waivers; released Jerry Morales, outfielder.   BASKETBALL    CLEVELAND (NBA) - Signed World B. Free, guard, to multiyear contract.     GOLDEN STATE (NBA) - Signed Mike Bratz, free agent...'",https://www.nytimes.com/1983/10/01/sports/transactions-203219.html,535
4fd135168eb7c8105d605f22,b'Transactions; BASEBALL',7/6/83,"b'Commissioner Bowie Kuhn announced t hat Bryan Burns, director of marketing a nd broadcasting for the Kansas City R oyals, has been named director of broad- c asting for major league baseball.  KANSAS CITY (AL) - Acquired Gay- l ord Perry, pitcher,...'",https://www.nytimes.com/1983/07/06/sports/transactions-baseball.html,310
4fd1244b8eb7c8105d5e9392,b'BASKETBALL',11/21/82,"b'  KANSAS CITY (NBA) - Activated La- S alle Thompson, top draft choice, and w aived Leon Douglas, veteran forward- c enter. FOOTBALL HOUSTON (AFC) - Activated Adger A rmstrong and Stan Edwards, running b acks.'",https://www.nytimes.com/1982/11/21/sports/transactions-basketball.html,151
4fd13afa8eb7c8105d610791,b'BASEBALL',10/5/82,"b""CINCINNATI (NL) - Hired Danny Liwhiler, former outfielder, as traveling scout for team's farm system. PITTSBURGH (NL) - Released Paul Moskau and Grant Jackson, pitchers. TEXAS (AL) - Promoted Joe Klein, farm director, to vice president and general...""",https://www.nytimes.com/1982/10/05/sports/transactions-baseball.html,346
4fd127ee8eb7c8105d5eea85,b'BASEBALL',11/19/82,"b'Named Bill H aller assistant supervisor of umpires.  BOSTON (AL) - Promoted Juan Bus- t abad, shortstop, and Gus Burgess, out- f ielder, from minor leagues to 40-man w inter roster.  KANSAS CITY (AL) - Rehired all f ive coaches for 1983 season: Cl...'",https://www.nytimes.com/1982/11/19/sports/transactions-baseball.html,314
4fd128408eb7c8105d5eef4a,b'Transactions: FRIDAY',10/2/82,"b'BASEBALL   CHICAGO (AL) - Announced suspension with pay of Ron LeFlore, outfielder, for remainder of season following his arrest on charges of possessing a controlled substance. BASKETBALL ATLANTA (NBA) - Traded Tom B urleson, center, to Chicago f...'",https://www.nytimes.com/1982/10/02/sports/transactions-friday.html,363
4fd12a958eb7c8105d5f3461,b'Transactions; BASEBALL',12/9/82,"b'MINNESOTA (AL) - Named Phil Roof m anager of the Orlando affiliate in the S outhern League.  NEW YORK (NL) - Promoted Bob M andt, ticket manager since 1964, to new p osition of director of operations; Bill Ian- n iciello, assistant ticket manager,...'",https://www.nytimes.com/1982/12/09/sports/transactions-baseball.html,458
4fd131a38eb7c8105d5ffca0,b'Transactions; AUTO RACING',2/15/83,"b'Announced that An- d rea De Cesaris and Mauro Baldi would d rive its race cars in Formula I competi- t ion this season. BASEBALL METS (NL) - Signed three pitchers, R ick Ownbey, Walt Terrell and Scott Dye t o one-year contracts.  BOSTON (AL) - Sig...'",https://www.nytimes.com/1983/02/15/sports/transactions-auto-racing.html,683
4fd12bd18eb7c8105d5f58e9,b'BASEBALL',12/2/82,"b'  ATLANTA (NL) - Announced that a f ree agent, Terry Forster, relief pitcher, h ad agreed to terms for a three-year con- t ract.  PITTSBURGH (NL) - Signed a free a gent, Gene Tenace, catcher-first base- m an, to a multiyear contract.'",https://www.nytimes.com/1982/12/02/sports/transactions-baseball.html,290
4fd129be8eb7c8105d5f1780,b'Transactions; BASEBALL',12/16/82,"b'CINCINNATI (NL) - Coach Harry D unlop was named manger of Las Vegas i n Pacific Coast League.  CLEVELAND (AL) - Signed Rick M anning, free agent center fielder.  NEW YORK (AL) - Signed Bob Shir- l ey, free agent left-handed pitcher, and D ave Righ...'",https://www.nytimes.com/1982/12/16/sports/transactions-baseball.html,376
4fd12cd38eb7c8105d5f70e3,b'Transactions',12/17/82,"b'BASEBALL NEW YORK (NL) - Acquired Tom S eaver, pitcher, from the Cincinnati Reds f or Charlie Puleo, pitcher, and Lloyd Mac- C lendon, catcher at Lynchburg of the C arolina League, and Jason Felice, out- f ielder at Little Falls of the New York- P...'",https://www.nytimes.com/1982/12/17/sports/transactions-105905.html,337
4fd124518eb7c8105d5e9832,b'TRANSACTIONS',11/24/82,b'BASEBALL   NEW YORK YANKEES (AL) - Named Don Zimmer as a coach.   OAKLAND (AL) - Named Juan Marichal director of Latin American scouting.',https://www.nytimes.com/1982/11/24/sports/transactions-054106.html,280
4fd10f1a8eb7c8105d5c33b4,b'Transactions;BASEBALL',9/26/80,"b'CINCINNATI (NL) - Signed five c oaches: Ron Plaza, Russ Nixon, Bill Fisch- e  r, Terry Dunlop and Ted Kluszewski.      BASKETBALL KNICKS (NBA) - Acquired Campy Rus- s ell, forward, from Cleveland in a three- t  eam deal. The Knicks sent Joe C. Mer...'",https://query.nytimes.com/gst/abstract.html?res=9A0DE5D91339F935A1575AC0A966948260,467
4fd10aaf8eb7c8105d5bdccd,b'Transactions;BASEBALL',11/6/80,"b'KANSAS CITY (AL) - Signed Dave C halk, infielder, to a one-year contract. PHILADELPHIA (NL) - Signed Larry C hristenson, pitcher, to a one-year contract.  A nnounced that Dallas Green had reached a n agreement to return as manager.      BASKETBALL...'",https://query.nytimes.com/gst/abstract.html?res=9805E2D81039F935A35752C1A966948260,442
4fd10a458eb7c8105d5bd8d1,b'Transactions;BASEBALL',8/16/80,"b'LOS ANGELES (NL) - Signed Tom N iedenfuer of Washington State, pitcher.  SAN  DIEGO (NL) - Purchased Luis S alazar, outfielder, from Hawaii of Pacific C oast  League to replace Jerry Turner, who i s on disabled list with broken left hand.       BA...'",https://query.nytimes.com/gst/abstract.html?res=940DE1DB1039F935A2575BC0A966948260,277
4fc4a5d845c1498b0dab9aaa,b'Radio',12/30/80,b'',https://query.nytimes.com/gst/abstract.html?res=9F0CE3DD153AE732A25753C3A9649D94619FD6CF,681
4fc4a5d845c1498b0dab9a99,b'Radio; Music Talk Events/Sports',12/25/80,b'',https://query.nytimes.com/gst/abstract.html?res=9E05E4DF153AE732A25756C2A9649D94619FD6CF,691
4fc4a6ef45c1498b0dabe778,b'Radio; Music Talk Events/Sports',11/25/80,b'',https://query.nytimes.com/gst/abstract.html?res=9E00E5D61330E532A25756C2A9679D94619FD6CF,642
4fd109b58eb7c8105d5bcc7b,b'Transactions;BASEBALL',7/23/80,"b'CHICAGO (NL) - Recalled Steve Macko, s hortstop, from Wichita of American As- s ociation. YANKEES (AL) - Reactivated Luis T iant, pitcher, from disabled list. Desig- n ated Ed Figueroa, pitcher, for assignment.      BASKETBALL HOUSTON (NBA) - Sign...'",https://query.nytimes.com/gst/abstract.html?res=9C05E3D81739F930A15754C0A966948260,111
4fd115378eb7c8105d5cb2a0,b'Transactions;  BASEBALL',10/25/80,"b'ATLANTA (NL) - Added six minor lea- g uers to roster: Matt Sinatro, catcher;  Al- b ert Hall and Rufino Linares, outfielders; G erald Perry, first baseman, and Felix P ettaway and Steve Bedrosian, right- h anded pitchers.  CALIFORNIA (AL) - Named ...'",https://query.nytimes.com/gst/abstract.html?res=9D06E0DC1539F936A15753C1A966948260,432
4fc49a2d45c1498b0da866b3,b'Radio; Music Talk Events/Sports',12/9/80,b'',https://query.nytimes.com/gst/abstract.html?res=9C01E3DC143AE732A2575AC0A9649D94619FD6CF,657
4fd10d708eb7c8105d5c2397,b'Transactions;  BASEBALL',8/28/80,"b'CINCINNATI (NL) - Called up Geoff C ombe, Sheldon Burnside, pitchers; Eddie M ilner, outfielder, from Indianapolis of the A merican Association. Reactivated Bill B onham, pitcher; Vic Correll, catcher, f rom the disabled list. MONTREAL (NL) - Reac...'",https://query.nytimes.com/gst/abstract.html?res=9C07E1DF1F39F93BA1575BC0A966948260,232id,headline,snippet,url,word_count
5a1985847c459f246b637290,b'Sharing Golf Clubs and Now Their Lives',"b'The couple met in April 2008, shortly after both had joined a golf league.'",https://www.nytimes.com/2017/11/25/fashion/weddings/sharing-golf-clubs-and-now-their-lives.html,801
5aa0d18c5d97b3000139441a,"b'Margaret Abbott, an Unwitting Olympic Trailblazer'","b'She was the first American woman to win the equivalent of Olympic gold, but at a time when the Games were scattershot, her achievement was not recognized.'",https://www.nytimes.com/interactive/2018/obituaries/overlooked-margaret-abbott.html,0
5a2629227c459f246b638d3f,"b'Away From Art Basel Miami Beach, There\xe2\x80\x99s Plenty of Fun'","b'After days and nights of art and parties and more art, sometimes you need a break.'",https://www.nytimes.com/2017/12/05/arts/away-from-art-basel-miami-beach.html,736
5aa0d17d5d97b30001394418,"b'Ida B. Wells, Who Took on Racism in the Deep South With Powerful Reporting on Lynchings'","b'Wells is considered by historians to have been the most famous black woman in the United States during her lifetime, even as she was dogged by prejudice.'",https://www.nytimes.com/interactive/2018/obituaries/overlooked-ida-b-wells.html,0
594c99607c459f257c1ab8e1,b'Jordan Spieth Shoots a 63 to Lead the Travelers Championship',"b'Spieth had eight birdies and a bogey in his seven-under round, as he took a one-shot edge over Johnson Wagner and Brett Stegmaier.'",https://www.nytimes.com/2017/06/23/sports/jordan-spieth-shoots-a-63-to-lead-the-travelers-championship.html,1065
590bfb4b7c459f24986ddd77,"b'In His Return, Dustin Johnson Is Satisfied With a 70'","b'Johnson, who was knocked out of the Masters by a fall, hit plenty of greens but few putts in the first round of the Wells Fargo Championship.'",https://www.nytimes.com/2017/05/05/sports/dustin-johnson-return-wells-fargo-championship.html,954
58d5f8e37c459f24986d6599,b'Dustin Johnson and Phil Mickelson Cruise at Match Play',"b'Johnson had led all 46 holes he has played at the Dell Technologies Match Play in Austin, Tex. Mickelson has done the same on 41 of 42. Next up is single elimination.'",https://www.nytimes.com/2017/03/25/sports/dustin-johnson-and-phil-mickelson-cruise-at-match-play.html,1007
59014abb7c459f24986dc539,b'Zurich Classic Turns to Team Play as a Jolt to PGA Tour Routine',"b'A tour staple since 1938, the event has switched from a traditional stroke-play event to a two-man team format as a way to increase player and fan interest.'",https://www.nytimes.com/2017/04/26/sports/golf/pga-tour-team-golf-zurich-open.html,1087
5ad365e8068401528a2a8c96,"b'Trump Blasts Comey in Barrage of Tweets, Calling Him \xe2\x80\x98Slippery\xe2\x80\x99'",b'President Trump on Sunday delivered a series of scathing tweets ahead of the former F.B.I. director James Comey\xe2\x80\x99s appearance on ABC News.',https://www.nytimes.com/2018/04/15/us/politics/trump-comey-tweets.html,550
59400d3c7c459f257c1a9aa0,"b'The U.S. Open at Erin Hills: One Man\xe2\x80\x99s Dream, Realized'","b'The selection of Erin Hills Golf Club could not have happened without the obsessive dream of its former owner, Bob Lang.'",https://www.nytimes.com/2017/06/13/sports/golf/us-open-erin-hills-bob-lang.html,1420
5944634f7c459f257c1aa6ae,"b'U.S. Open Course Proves Welcoming, Except for Top 3 Golfers'","b'Dustin Johnson, Rory McIlroy and Jason Day all missed the cut at Erin Hills, while much of the rest of the field enjoyed low scores through the first two rounds.'",https://www.nytimes.com/2017/06/16/sports/golf/us-open-erin-hills-second-round-paul-casey.html,1076
5ad3a684068401528a2a8cfd,"b'Comey, in Interview, Calls Trump \xe2\x80\x98Morally Unfit\xe2\x80\x99 and \xe2\x80\x98Stain\xe2\x80\x99 on All Around Him'","b'ABC News interviewed James B. Comey, the former F.B.I. director, as he uses a publicity blitz for his memoir to raise alarms about Mr. Trump.'",https://www.nytimes.com/2018/04/15/us/politics/comey-interview-trump.html,1897
5948a4c57c459f257c1aadb7,b'Cleveland Cavaliers Cut Ties With General Manager David Griffin',"b'The team\xe2\x80\x99s owner said the contract of Griffin, who oversaw one N.B.A. title and three straight trips to the finals, would not be extended.'",https://www.nytimes.com/2017/06/20/sports/cleveland-cavaliers-cut-ties-with-general-manager-david-griffin.html,718
59474e9f7c459f257c1aaa6a,b'Rockie\xe2\x80\x99s Game-Winning Homer Completes Cycle Against the Giants',b'Nolan Arenado hit a three-run homer in the bottom of the ninth as Colorado rallied to defeat San Francisco and finish off a four-game sweep.',https://www.nytimes.com/2017/06/19/sports/rockies-game-winning-homer-completes-cycle-against-the-giants.html,849
5a6a861d10f40f00018bdcba,b'Lawsuit on Trump Emoluments Violations Gains Traction in Court',"b'In a hearing on Thursday, the judge seemed unwilling to toss out a lawsuit alleging the president is violating the Constitution by continuing to own his businesses.'",https://www.nytimes.com/2018/01/25/us/politics/trump-emoluments-lawsuit.html,625
5a89873c10f40f00018c1ac3,b'Trump\xe2\x80\x99s Evolution From Relief to Fury Over the Russia Indictment',b'The president unleashed a two-day Twitter tirade that was unusually angry and defiant even by his standards.',https://www.nytimes.com/2018/02/18/us/politics/trump-blames-obama-and-democrats-for-failing-to-stop-russian-meddling.html,1314
584093e57c459f2525d0f69b,"b'Tiger Woods Shows Some Magic, Then Shows Some Rust'","b'In his first competitive round in over a year, Woods birdied four of his first eight holes, then had two double-bogeys and a bogey after the turn to finish one over par.'",https://www.nytimes.com/2016/12/01/sports/tiger-woods-hero-world-challenge-bahamas.html,1095
58d6d7f67c459f24986d66b1,"b'Andorra Ends 11 Years of Losses, With a Tie'",b'Andorra had lost 58 straight competitive games before its 0-0 draw with the Faroe Islands in a World Cup qualifier.',https://www.nytimes.com/2017/03/25/sports/upstart-oregon-upsets-maryland-a-no-3-seed.html,942
5ad07509068401528a2a87d1,b'Trevor Noah Hammers Congress for Dependence on Facebook\xe2\x80\x99s Cash',"b'On \xe2\x80\x9cThe Daily Show,\xe2\x80\x9d Mr. Noah said that Congress handles Facebook \xe2\x80\x9cthe way rich white people punish their kids.\xe2\x80\x9d'",https://www.nytimes.com/2018/04/13/arts/television/trevor-noah-congress-facebook-regulation.html,735
5917aade7c459f24986df748,b'Unforgiving Course Inflates Scores at the Players Championship',b'A blustery southern wind brought havoc to the third round at T.P.C. Sawgrass. J. B. Holmes and Kyle Stanley headed into the final round atop the leaderboard.',https://www.nytimes.com/2017/05/13/sports/golf/the-players-championship-third-round-jb-holmes-kyle-stanley.html,556
59dbace87c459f246b62da09,b'Google Finds Accounts Connected to Russia Bought Election Ads',"b'The search giant is facing increased scrutiny over its role in the 2016 presidential campaign, and is one of a number of internet companies being examined.'",https://www.nytimes.com/2017/10/09/technology/google-russian-ads.html,1008
5a29113d7c459f246b6395bb,b'Road to Recovery ',"b'In the aftermath of the death of our son, we felt sad, and proud \xe2\x80\x94 and empty. So, as a family, we tried to find ourselves on the open road.'",https://www.nytimes.com/2017/12/07/travel/road-trip-family-grief.html,2741
566e402e38f0d83e10be1504,"b'Paid Notice: Deaths  ROTHSCHILD, WILLIAM B.'","b'ROTHSCHILD--William B.,of Rancho Mirage, CA, formerly of Maplewood, NJ, passed away at his home in Rancho Mirage, on Wednesday, November 25th at the age of 98. Bill Rothschild leaves his wife, Beverly Rothschild, his sons, Mark and Jeffrey Rothsch...'",https://query.nytimes.com/gst/fullpage.html?res=9401E6DD113AF935A35751C1A9639D8B63,218
598a30d87c459f246b61d599,"b'Vowing Again to Tackle Opioid Crisis, Trump Faults His Predecessor'","b'The president met with top advisers at his New Jersey golf club to discuss the drug overdose problem, but offered no specific initiatives to stem the tide.'",https://www.nytimes.com/2017/08/08/us/politics/trump-opioid-crisis.html,1077
5667a83338f0d8780c278118,"b'Paid Notice: Deaths  ROTHSCHILD, WILLIAM B.'","b'ROTHSCHILD--William B.,of Rancho Mirage, CA, formerly of Maplewood, NJ, passed away at his home in Rancho Mirage, on Wednesday, November 25th at the age of 98. Bill Rothschild leaves his wife, Beverly Rothschild, his sons, Mark and Jeffrey Rothsch...'",https://query.nytimes.com/gst/fullpage.html?res=9907E3D6103AF932A35751C1A9639D8B63,234
59557be37c459f257c1acca3,b'I\xe2\x80\x99ve Overestimated Donald Trump',b'Shouldn\xe2\x80\x99t he have been in meetings instead of tweeting about Mika Brzezinski?',https://www.nytimes.com/2017/06/29/opinion/ive-overestimated-donald-trump.html,412
598baef57c459f246b61d905,b'North Korea Says It Might Fire Missiles Into Waters Near Guam',"b'Gen. Kim Rak-gyom, commander of North Korean missile units, said the launching of missiles would be a warning to the United States.'",https://www.nytimes.com/2017/08/09/world/asia/north-korea-missiles-guam.html,650
5991a9cd7c459f246b61e39f,b'New Outcry as Trump Rebukes Charlottesville Racists 2 Days Later',"b'President Trump bowed to pressure that he personally condemn white supremacists who incited violence in Virginia, but neither supporters nor critics were satisfied.'",https://www.nytimes.com/2017/08/14/us/politics/trump-charlottesville-protest.html,1489
5a395b227c459f246b63bdd0,b'The Year in Pictures 2017',b'Photographs hold the power to clarify in tumultuous times.',https://www.nytimes.com/interactive/2017/12/19/sunday-review/2017-year-in-pictures.html,0
598f27677c459f246b61e030,b'Man Charged After White Nationalist Rally in Charlottesville Ends in Deadly Violence',"b'Protests of a plan to remove a statue of a Confederate general led to clashes that left at least one person dead and 34 others injured, officials said.'",https://www.nytimes.com/2017/08/12/us/charlottesville-protest-white-nationalist.html,1839
5588b80538f0d822a0da2bbe,b'Jordan Spieth Avoids Sting and Creates Buzz',"b'Spieth, an American, tamed Chambers Bay Golf Course with his B-plus game, and he now heads to the British Open.'",https://www.nytimes.com/2015/06/23/sports/from-an-outcome-out-of-his-hands-to-the-world-at-his-fingertips.html,1112
5801b68b7c459f6063989dad,b'Mourning Thailand Asks to Move World Cup Qualifier',b'The Football Association of Thailand (FAT) is seeking to move the home World Cup qualifier against Australia on Nov. 15 out of the country amid mourning for the death of King Bhumibol Adulyadej.',https://www.nytimes.com/reuters/2016/10/15/world/asia/15reuters-soccer-worldcup-thailand.html,0
58541eba7c459f2525d1249e,b'The Best and Latest in Crime Fiction',b'There\xe2\x80\x99s a perverse symmetry to the way things work in Federico Axat\xe2\x80\x99s mind-bending psychological thriller \xe2\x80\x9cKill the Next One.\xe2\x80\x9d',https://www.nytimes.com/2016/12/16/books/review/the-best-and-latest-in-crime-fiction.html,908
54fa5a3438f0d852c169ad9e,"b'After Rory McIlroy\xe2\x80\x99s Shot Drops Into Water, His 3-Iron Suffers the Same Fate'","b'McIlroy, the world No. 1, overcame the lost ball and his lost temper to card a two-under 70 that left him eight strokes off the lead.'",https://www.nytimes.com/2015/03/07/sports/golf/after-rory-mcilroys-shot-drops-into-water-his-3-iron-suffers-the-same-fate.html,535
54f914fa38f0d81f0d7a61d3,"b'Back to a Short Putter, Adam Scott Is Happy With the Results'","b'For the first time in four years and 83 worldwide starts, Scott used a short putter in his round of two-under 70 at the World Golf Championships event at Doral.'",https://www.nytimes.com/2015/03/06/sports/golf/back-to-a-short-putter-adam-scott-is-happy-with-the-results.html,811
540b577438f0d85e13e4c2e3,b'Challenging the President ... but Only on the Golf Course',"b'Marvin Nicholson, the White House travel director, who has played golf with the president about 140 times, rounds out the president&#8217;s foursomes and soothes his frayed feelings.'",https://www.nytimes.com/2014/09/07/us/challenging-the-president-but-only-on-the-golf-course.html,1511
58a75cac7c459f2525d1d283,b'How to Fill Out Your Tax Return Like a Pro',"b""Step-by-step, here's a guide to completing your entire income tax form, with insights that can help you save money, whether you use software, do the return by hand or rely on a professional. """,https://www.nytimes.com/2017/02/17/business/yourtaxes/tax-return-form-1040.html,2070
58cd0b647c459f247805c962,b'Door-Busting Drug Raids Leave a Trail of Blood',"b'Using SWAT officers to storm into homes to execute search warrants has led time and again to avoidable deaths, gruesome injuries and costly legal settlements.'",https://www.nytimes.com/interactive/2017/03/18/us/forced-entry-warrant-drug-raid.html,0
589aec507c459f2525d1b0b1,"b'Her Team Is 0-24, but She Might Deserve Coach of the Year Honors'","b'Financial travails, sports setbacks and negative publicity dog Chicago State as it seeks to recover, reform and redefine itself athletically and academically.'",https://www.nytimes.com/2017/02/08/sports/as-chicago-state-struggles-on-court-perception-is-biggest-foe.html,2291
57eacb437c459f227dbadbd0,"b""RYDER CUP '16: Capsules of the American Players at Hazeltine""","b'A look at the U.S. team in the 41st Ryder Cup on Sept. 30-Oct. 2 at Hazeltine National in Chaska, Minnesota. Players are listed in the order they made the team.'",https://www.nytimes.com/aponline/2016/09/27/sports/golf/ap-glf-ryder-cup-us-capsules.html,0
